seq,y
EKYRGRDAPTIEAI,1
KVKYNCTCGTGNVGTTNSDM,1
GQKVHPNGIRLGIVKPWNSTW,1
DYAWDDFYAMGD,1
AMKPDLQNTLMAVPR,1
NIIQIKNDIEQCQKSIKKIEDNLNTYE,1
DYGEILTEKVEDLYKGVLL,1
KTNYSSSIILEY,1
PQQPFSQQPQ,1
EDERTLTK,1
KFLNPDREYDFRDLT,1
AVAEAEGG,1
EKLRDQKEALARENKKLADDLAEAKSQLNDAHRRIHEQEIEIKRLEN,1
SNGFAGWFLHTY,1
AFDYSRPGLLDPVFA,1
PDKEVLYQQYDEMEECSKAR,1
NPNPNPN,1
KVVQLPKISKNALKANG,1
WPTSWEVTASFN,1
ASIDNINKNINCINNDVDNINSNINNINDNIHKINSNVYGN,1
SKVALAALPA,1
MEECASHLPYIEQGVQLAEQ,1
ESHVPSGGILTS,1
HELSPTGLKTSW,1
AHMFQRSPFQRYPNS,1
KVKQAEDKLDASREAKKQVEDKVKQLED,1
CSEYPKPDCTAE,1
TSATTLVTSPFTFYYIREDD,1
SALTSAIAGFVFSC,1
VIKAIN,1
FTQEVSRLNINLHFSK,1
SEWRSPADTSPRPLP,1
ADEEQQQALSSQMGF,1
YLEAFY,1
EPVVVHITDDNEEPIAPYHFDLSGHAFGAMA,1
TTIVHDKN,1
SGFHGRSNPNDV,1
PRVRGLYLPAGG,1
GHITGHRMAWDMMMNWSPTT,1
ITSHTGYLQLRL,1
LDGRPLSTTQ,1
CFLNISNTHVSV,1
DPASRE,1
KEAIPMAVEMAKSQ,1
KLCVWNNKTP,1
YDHLPWRHLPLS,1
EIIEQLDVTT,1
RYSRNAVPNV,1
RYEKWIEVYKLVKAKWLGTVNTQ,1
KIDELIKKQKSGGNVSSSELAKASIELINQLVDT,1
KLSEGDLLAEIETDK,1
ANGGASGQVK,1
QWTPEEDQ,1
NGCGLF,1
PTPSPAPSRPFSVLRANDVL,1
MGFGLFD,1
LVGATPER,1
DHVLDHVQ,1
PVTLTITLNGTQETG,1
GTSGWAEVVVTPTHVD,1
METIKSIADMATGV,1
WGILSRAATNSGWVGLIPHK,1
PNGNVPAGVTPSKYGLGGD,1
DTHTTGGVAGRDTLRFTGFFSFGPKQK,1
SNYNPQ,1
HHAERNGSQSTTSQSN,1
NSKTPAPAPAVPVKKEATKSKLSEAELH,1
KERSSLRYGNVLDV,1
GGIYYPYDIYYPYDIYYPYD,1
ILEPSIPWKSKLLTLV,1
AAESQIRDVDFAAESANYSKANILAQSGSY,1
YNKDGPAKELKVWGT,1
IAKTTLLKI,1
TKPTDGNCTCIPIPSSWAF,1
TQTPVNGNSPWAPTAPLPGDM,1
SRGNSPARMASGGGETAL,1
FNVPIKEAGEDCHAP,1
KQVEKDLANLTAELDKVKEEKQ,1
NPSSLFDLVARIKNNLKNSP,1
GRLHLINQRAVVAPDKEVLY,1
GHNYINEIEATSSYTFSYIAQE,1
LTMTSPI,1
AFASRGNHVSPTHYVPESDA,1
TYGNKCNF,1
SSTSMM,1
TTQTKPKSAF,1
GKAVTKEQL,1
CSGLSSLFTPGPKQQI,1
VSSLTMLN,1
EKECPFIKPEVKPGTPAQEIEMLKRNKIYF,1
AEAAGRRLAR,1
LIRMVECSGKQD,1
SDLMHRLYHVPAVGQ,1
AAVAEAEG,1
IRFKDDTSFEDING,1
TSAHLERMKKNMEQTIKDL,1
PVPAPRRKVGSDCGS,1
NLFGATLVNA,1
QIPYNLKIRANELDVLKKLVFGYRKPLDNIKDNVGKMEDY,1
NLNKVKININDLNNNIVDVNNSIHNIE,1
ADPNRFRGKNLP,1
GTNISKEHDGECKE,1
SRGNHVAPTHYVTESDASQR,1
AFDEMEECASHLPYIEQGMQ,1
KPPFSGMTGCGNT,1
VGECVRGRCPSGMCCSQFGYCGKGPKYCSPDHNCQSNCKD,1
RGLAQALIDQ,1
EENVEENVEENVEENVEENVEENVEENVEENV,1
EENVEENVEENVEENVEENVEENVEENVEENV,1
VGHDGSVWAQSSSFPQFKPQ,1
ACNTIGGYECGGGS,1
IDLGPPISLERLDVG,1
DADGDGHGWKPGNAPGIAGY,1
QGDRGVGSSAVILDD,1
KSGTGPQPGSAGMGGAKTPSDAVQNISQKIEKIKNTEE,1
ERYLGYLEQL,1
AQKKIIAEKTKI,1
KHKKVSTNLCTHSFRKKQVR,1
SFHNLHLLFDEYTNIPVSIL,1
YKDGTLTPLSTKDLTTY,1
QEGVQQEGAQQPAP,1
EQVPLVQQQQFPGQQQQFPPQQ,1
ALIENYTDVFDDTQVEMIDEVTN,1
FTYEEPNDGEER,1
DSLNTGWLAGLFYHHKFNSS,1
GQQKQLLPRW,1
VDEKKM,1
ENRLVSWHRKPSTYV,1
LPPTAPPLL,1
LQAMRKYSPFRNGYMEPTLG,1
LQAMRKYSPFRNGYMEPTLG,1
KTFESYRV,1
PLGFLPDHQLDPAFGANSTNP,1
DVLQIAS,1
PYIEQGVQLAEQFKQKALGL,1
RNQMGVSELL,1
ELDKWA,1
HKAEVKKFL,1
LDFELI,1
ECFPWDRKL,1
DNTVRET,1
GATVSSQS,1
QSLLETHP,1
NATAEGRAINRRVE,1
RTTAGLVGLLTPGAKQNI,1
GSSDLYLVTRHADVIPVRRR,1
RGQKAKSNPNRPLPVPRN,1
PGDDPLLG,1
EVDKDISQLTQAIVKNHKNLLKIAQYAAQNRRGLDLLF,1
TLTPENTL,1
FLNTEPSQLPPTAPPLLPHSNLDHILEPSIPWKSKLLTLVQLTLQS,1
VWVTPVIGSQAR,1
REVLYREFD,1
VLNRDVSFQDLSD,1
QRKTKRNTNRRPQDVKFPGGGQIVGGVYLLPRR,1
KPPNKPNNDFHF,1
ESAFNKALNECT,1
QQIEGYYKRDMATGRRLKEPV,1
PYIEQGMQLAEQFKQKALGL,1
PDPNNSPARPETS,1
VLYSPNVSVPSSSSTPLLYPSLA,1
IAAAIVLRGMAKDG,1
LECHNQQSSQTPTTTGCSGGETNCYK,1
DDYNYWTPINKKEFL,1
SAGRSTGSLVRLFAPG,1
WIGMNS,1
SGYDNDALYASV,1
VPNLQGVPESPFSRT,1
RRHFLDQRQ,1
QNQGAWPA,1
DRARRLLWWHYNCL,1
SHLSTMV,1
QLIRAAEIRASANLAAT,1
DDSEPVLKGVKLHYT,1
RRGVMLAVDAVIA,1
QTTVVGGSQSHTVRGLTSLFSPGASQN,1
PVKDSSKQ,1
ASLLTTAEVV,1
GVIGFSFFVK,1
PFFFSDVRSNFSKLV,1
PHGGGWGQGGGTHNQWNKPSKPKTNLKHVA,1
NKGKWKEHIKEVTEKLKKA,1
CKFTLVLTKCGSQVL,1
SGNLLFTGHL,1
TKKPNRNRNGGGYYSASYSYSDPGSLKCPYL,1
DRAAGQPAGNGAGGQAAGGN,1
KTLLSRFLWWLCYL,1
FLMHAPAFETAGTYL,1
CPKYVKQNTLKLATGLRNVPQIES,1
ALYTDEDLLFDLEKQK,1
DESAKGPNLTEISKKITDSNA,1
LEDPVG,1
GHRMAWDM,1
RCHARKAVAHINSV,1
KPALVPDKE,1
GEVWVTPVIGSQARKCGLHI,1
KAHPPLLNSPRDVPL,1
VTFDGGKM,1
DAHFLSQTKQSGENLPYLVA,1
THGQWNKPSKPKTNMKHVAGAAAAGAVVG,1
YIWPRNDYDG,1
GGAKTPSDAVQNILQKIEKIKNTEE,1
QPLPPTVMFPPQ,1
QTDPSYGLTSDEVLKRRKKYGLNQM,1
AADHCPVVEVNGVTI,1
LPGCSFSIFLLALLSCLTVPASAYQ,1
STWHVLYSPNVSVPSSSSTP,1
TRKTSERSQP,1
HGYEKPEELWTAKSRVHPL,1
RRLHAWITEDCPVP,1
KSGATFQVEV,1
LDKQQAAIKVVCN,1
GAKSLEPCACISSD,1
DEYSNQNNFVHDC,1
AWPACYCYGLPDSVK,1
KSSVDDGNINLTDTS,1
YVKRVKTWRM,1
NMLYKDDFVGALIFSGAVI,1
CSGFVGLFSPGPSQRI,1
HVNGRTTALVGLLTPAKN,1
LEYIVGRVWI,1
ISESQGNEEDERNL,1
SALLEDPVGTVAPQI,1
SAQSGTSGTSAQSGT,1
THSQWNKPSKPKTNMK,1
DRRCQSQLERANLRP,1
EACGKVVQDIMPCLHFVKGEEKEPSKECCS,1
NASSEVAVLYQDVNCTD,1
SQSFRRLG,1
VNGNSPWAPTAPLPG,1
HSKKVPNKDRRRRVPKEKFFCDSSKNYTKWNKDI,1
YASSGIGPEK,1
TTTLNPTIAG,1
DGNPPEVKSVGLGNVNGVTL,1
EYTIVI,1
LLPAAD,1
QLVNTNGSWHINRTALNC,1
QFKPEEMKGIIKEF,1
GKEVLP,1
IIPDREVLY,1
EDWGEDGYIWIQRNT,1
PTHYTTSAP,1
VTSTLTSLFRPGASQKIQL,1
LFSGDEDSDSSDGYPPNRQ,1
YVGNYDFWY,1
DLIAYKQ,1
ASGQVK,1
DPARDCVHNICIFAG,1
NPVEIRRGVMLAV,1
MLGSAMSRPMIHFGNDWEDRYYRENMYRYP,1
VFCVQP,1
VCPHVAPYQTPLCK,1
ALGGWGLHQPPPQIFLKILP,1
SWGPTDPRRRSRNLG,1
LLGTTLL,1
QVARTSF,1
YMDLGMK,1
SKGANPVEIR,1
ASRDLVVSYVNTNMGLKFRQLLWFHISCLTFGRETVIEY,1
KTRVYTNNS,1
VVLAGAALGVATAAQ,1
PSSRSNTLPRSN,1
YGLTALDPLFKP,1
AMSRPMMHFGNDWEDRYYRENMNRY,1
PHDGNRAFPRTKVTM,1
MGLKVNVSAIFMAVL,1
SELSQL,1
YMIDSVLM,1
QPGDGNPD,1
PNAPWVFACA,1
AHAYSGYDVPDY,1
PLVETWKKPDYEPP,1
KNNNSTNSGI,1
TDVSTAIHADQLTPAWRIYSTG,1
GCKITCFLTAAGYCN,1
MQPVYF,1
PPLLPH,1
IMSGEKPTVEDVVN,1
KQPYNLTIAWFRMGG,1
IDSQKK,1
VQDLMKSSGV,1
PLPWLPGA,1
DKPGSKKTQGEKFFLIHSAD,1
YAKDVKFGADARA,1
KAIERM,1
LTITQLLKR,1
DRYFTYEEPNDG,1
SVSSFERFEIFPK,1
KSQGERSWTWRKEAH,1
AHAAYLNATPAAKVL,1
HAFPHLH,1
EGVQQEGAQQPA,1
SVTEEIAEEDK,1
SSIPNGTYRA,1
QEERPPET,1
TEYYLNHGKWPEN,1
TEYYLNHGKWPEN,1
GVTTSLSYF,1
IRTPPAYRPPNAPILSTLPETTV,1
VKNNNNEEP,1
NCGSRTQYCKSRCT,1
TSNLGKAHTQKL,1
KALGLLQTA,1
VHASFFDIG,1
TPHSGEEHAVGNDTGKHGKEIKITPQSSITE,1
TGPCKTCTTTAQ,1
LYGNEGCGWA,1
GAAPTTSDVAGLEKDPVANVA,1
FDPLVAEE,1
QPGIASELVIPSERLHYRNQGWRSVETSGV,1
SASTKNKD,1
LPQSGPIGGIKSMGITTLVQ,1
KPLDKFGNIYDYHYEHETHA,1
DKNEKGQHEIVEVEEILPEEPLIEEVEVIEHEVKENKD,1
KPYEVTPTRMLV,1
SQDVNGPRHVPNAEPRET,1
KELFLASHMKDS,1
EGSFDEDGFYAKVGLDAFSADELK,1
HGISEMWYLTPK,1
CHQLGKQRC,1
FEFPPPPTDE,1
TRYNDALSHDRL,1
NRYVELKRGEGKGA,1
FGSKLELVKK,1
PNGTYRAT,1
PLQKTYNYNV,1
NRDFVE,1
GSVNSFFSRLNWL,1
MKDTLR,1
KGVITVKDGKTLN,1
AVAPAHDTPPVPDVDSRGAILRRQYNLSTS,1
THVTGGA,1
TVNRNLIISTAVTNM,1
PNKKPGKKTTTKPTK,1
GAGICASY,1
YQELGV,1
SDPSQGGGIKITHFTTWTSI,1
ADTDGPPAQF,1
HVAPTHYVVESDASQRVTQV,1
QNSGNQSFEE,1
LPYTMWV,1
KVQYDMPK,1
NNSNLFDTIESLQGRIID,1
MSTNPKPQKKNKRNT,1
LEGKPALVPDKEVLYQQYDE,1
TEVPVEKT,1
QSQDNSGDQRQVDLTPKK,1
SARQQWELQGDRRCQ,1
SSIVYEAADMIMHT,1
DPLLRTAP,1
LTLNYADNV,1
DNPSSVPVKKAAELYDKIK,1
PTNNLDHL,1
WQRSNAEFEQNLENAQWFAF,1
KNTTTTQTQPSKPTT,1
AAPYIEQAQVIAHQ,1
KYEEDDKAQRDRVEAKNGLE,1
TPDPRIGF,1
WVIKPR,1
MGQNLSTSNPLGFFPDHQLDP,1
SGIAVNP,1
PDSDPQI,1
TPRPTQYWLHL,1
AYGGIIKDAPPGAGFIYRETFC,1
FVGAGIAGAAVGSI,1
YDWRADW,1
PSAPPL,1
VPVPDFSQ,1
ALNIWDRFDVFCTLGATTGYLKGNSFDVTTLNPTIAGAGDVK,1
FDERRNKYLEEHPSAGKDPKKTGGPI,1
DPNANPNVDPNANPNV,1
PCVREGNASRCW,1
SEYLAHRRIPPENIRRVTRV,1
TLTLSHFGKC,1
CADGYTAETINEAIIKICG,1
CHARKAVAHINS,1
ISGINASVVNIQKEIDRLNE,1
YSAGGTGRRGDLGPLAARVAAQLPASFNF,1
CQCPPDTKPGEIGCI,1
PTSGDKIDMTPRAGVLMLE,1
NQMDMKQIDPWIARFDTDKD,1
DPNTNSF,1
GNKTLAGSRGPVTQ,1
KETNNSISFMSNAGSLEKK,1
CTLTTSPRLPVF,1
HVSPTHYVPESDAAARVTQI,1
GDSSNTGAGKALTGLSTGTS,1
VSNSSARGWV,1
ETHVTGGSAGRT,1
AANNAANAALTAENTAIKK,1
GQMRPDNSKP,1
LVAEEDER,1
RMFLGPKQLTFE,1
GGFSSDPGFLLRPRV,1
LGKIIAQQSQSRVKGPGRKNKKKNPEKP,1
ARSATTTS,1
ATGNLPGCSF,1
RGDSPASSKP,1
KFGADARALMLQG,1
IPKPFFRDEVSFCV,1
SLGMHPL,1
PSSRRYPFV,1
SSPPQWKL,1
FLTAAGYCNTECTLK,1
GVCYGD,1
PPPQIFLKILPQSGPIGGIK,1
AKINAS,1
QRVVFKYSQMINISDYINR,1
KNTMEHVSSSEESIISQETY,1
TVQTAAAVVFACPGANQGQQLA,1
FLRGFLGRM,1
RNFTTAPAICHEGKAYF,1
VWNNKTPNSI,1
NITKGGMSVPFYNSR,1
YISQKFMPQHNPLQD,1
GVELGKRANRGGSTTSWHGSSLGDIQSYWT,1
AETHLFTGTT,1
PTPVSEEIITPTLQA,1
AGRDRG,1
PTVGEAALLHYVDPDTGRNLGEFKAYPDGFLTCVPNGAS,1
WGQGGTHGQWNKPSK,1
YAEWVLTPRQAAQLRRKLEFF,1
CMENNSGWKVSLNYGEIIW,1
QTARDEIRRAVVKNIPSMKQENQMKVTPNIRNFLFF,1
HVEKGSNPNYLALLVKYVNGDGDVVAV,1
GARSLTPCTCGSSD,1
QAQYNQMHML,1
PGSANKPKDELDYEND,1
RTGEGL,1
NTDVVNVSVLCR,1
SRPGSTTPSGNSARYGNNT,1
FKHKFAELLEQQKAAQYPSK,1
RVCSCLWMMLLISQAEA,1
VRSPAQILQWQV,1
EAAKYEAEDKDQVRQ,1
PCKPLLRDDITFMV,1
GEKTREQAVLFGVDHKLHKQLL,1
TRIDEANQ,1
DTTIMA,1
MGIQLDQRIILLFM,1
MFDFASGL,1
QWKLQPGD,1
GGSGGSVASGGSVAS,1
DADYHRVMYA,1
NNIILNLRYKDNNLIDLSGYGAKVEVYDGVELNDKNQFKLTSSANSKIRVTQNQNIIFNSVFLDFSVSFWIRIPKYKNDGIQNYIHNEYTIINCMKNNSGWKISIRGNRIIWTLIDINGKTKSVFFEYNIREDISEYINRWFFVTITNNLNNAKIYINGKLESNTDIKDIREVIANGEIIFKLDGDIDRTQFIWMKYFSIFNTELSQSNIEERYKIQSYSEYLKDFWGNPLMYNKEYYMFNAGNKNSYIKLKKDSPVGEILTRSKYNQNSKYINYRDLYIGEKFIIRRKSNSQSINDDIVRKEDYIYLDFFNLNQEWRVYTYKYFKKEEEKLFLAPISDSDEFYNTIQIKEYDEQPTYSCQLLFKKDEESTDEIGLIGIHRFYESGIVFEEYKDYFCISKWYLKEVKRKPYNLKLGCNWQFIPKDEGWTE,1
EFAKWGCQPLGAYPDPEIEYRNVSQEVVKEV,1
YGVKSSLEDQKIKEKLQPAEIETCMK,1
NKPVQA,1
KTSKRQAVPVTL,1
LTANTKSMALSG,1
EDAKELLESSDQILR,1
GKNDKEE,1
NPQLGISPSNPSEIT,1
EEAFTYLCTAPGCATQTPVPVR,1
KMKRTIKENAMYRDRKFDSNDED,1
LTPCDN,1
ILYEAFDEMEECASKAALIE,1
VPPPRKKRTVVLTE,1
KPTDGN,1
VLVLFGFFTLSPWY,1
MPVHYKVLKAQARAPARVDIYFPV,1
AVVLKAGNEGLE,1
GLLTPGAKQN,1
KNVVTGEVQVLYTA,1
MVKSHIGSWILVLFVA,1
YAKTKNYKIKHEKRYFVSPGFQYEL,1
GTVVAVGPGRWDEDGE,1
FSFCETNGLE,1
AKSSPYQKKT,1
SWFSAPQPAPENAYQAYAAPQL,1
TGNRSGGG,1
GPGQCNTRNPCPRPM,1
PQNAFDHL,1
PADAQSDCKILCFVSACNDF,1
DPASRD,1
KEKLQKTY,1
ATALDTSNKFADFLQI,1
SSLRDHINVIVS,1
AGPRVRQPARPLGSAWRDQAQRPAV,1
DVVTGATV,1
PLLVETWK,1
HQLADAARREVLKGETVPA,1
PQLGPR,1
YSLFQKEK,1
RDTLPQSPGPAFP,1
CITTIYKTG,1
LNWPLKADSIING,1
MAKVKIKPLEDKILV,1
PAFRANTANPDWDFNPNKDTWP,1
VLDHVQTM,1
ITAGIALHQSMLNSQ,1
LNLTTWNP,1
NKDARELL,1
YHNHEEEAKRLEIFK,1
PVFLDGFYSCFSHSP,1
IADAMEKVGKDGVITV,1
SRSTSLSVSLVLVGVVTLYLGAMV,1
FKSGATFQVE,1
QGTRTAAIVET,1
SQKIQLVNTNGSWH,1
VGLIGVKG,1
FDFQVFPTKYHSGRLLFCFV,1
KSMKVTVAFNQFGPN,1
GRIILSGKPATIPDREVLYR,1
DYEPPVVH,1
MEECASHLPYFEQGMQLAEQ,1
PSAPPLPHVVDLPQLGPRR,1
KNIGAKLVQDVAN,1
SKLLTLVQLTLQSTNYTCIVCID,1
QPSKPTTKQRQN,1
AAEGATPEAKYD,1
PMERQKPLKVKAKA,1
VSDTEAEEEEEQPKVDANAD,1
AVVAPDKEVLYEAFDEMEEC,1
NLKCSLPHRNESNKWTCKSQRDSYIAGRDFWGK,1
VFSPAASSCHNASGKEAKVC,1
FKEKVLGLLQRATQ,1
SCVGVWQNERVDIIANDQGN,1
DFLEVTFD,1
KKQCPENS,1
KKMNMHMENVIYIMKNQNLFK,1
DLAHLTA,1
LSKYTINP,1
PHVVDL,1
KHSMVDRGWGNGC,1
TCPGEDCHSMYPFTYRGY,1
VSVTDHKKWQFNSPFVP,1
CETEFSKLY,1
RLGAALLQ,1
RTIRNTMTMPNL,1
LIAIHTLAIRYAN,1
SLVLVG,1
PDTAKEKPQEGTVVA,1
SKLNESINKAMININKFLN,1
LKEKYKDK,1
RAAAEK,1
LAVLWVVKST,1
SNELAKLYLQELARSNGTLEGLFA,1
ERESQAY,1
PGTPAQEIEMLKRN,1
VGANAPNA,1
YYVPLGTQYT,1
SMKGLSSTSIVYILI,1
SVDFEED,1
KHSEWLNKARGIESW,1
YSPEVR,1
STRVTGGQQGHAAHSLTSLFRLGASQN,1
QTVKFAP,1
RLGVRATRKTSE,1
GAATPYAGEPARPPETLGEE,1
QSQLERANLRPCEQH,1
DFLIRYLNDSTPFPF,1
RYPHYSLIKPESSL,1
RRRFGARAMV,1
YSKVTATRLLASTNSRLCAVFVRDG,1
ALSIIGK,1
SHVPLATSRTLA,1
PFPEVFGKEK,1
KRNEKWDEVYKYIVTNWLA,1
NKYLKVQLKKGETVENTNS,1
SLLVDAPGYDPIWFLNTEPSQLPPTAPPLLPHSNLDHILEPSIPWKSK,1
ICACLCCACSYNSV,1
WPKDTDT,1
EGSYPKLKNSYVNK,1
YNCVVQSFGVIGQAHLELPRPNKRIRN,1
ASTNRQSGRQPTPISPPLRDSHPQ,1
ELADALLEKG,1
EREECKCL,1
LTAAEYDQSTYGSSTGPVYVSDSVTLVNVA,1
GSKTLAGPKGPITQ,1
AFASRGNHVAPTHYVVESDA,1
WKHWVY,1
SANASVERIKTTSSIEFARLQF,1
CKIPFEIMDLEKRHVLGRL,1
KNESKYSNTFQVNAYNMSIR,1
EATPAAEAPASEAPAAEAAP,1
PYSASFT,1
DEDKRDGN,1
VKFPGGGQ,1
RRRLRGTWV,1
GANYLL,1
NEMNKEVNKMNEEVNKMNEEVNKMNEEVNKMNKEVNKMDEEVNKMNKEVNKMNK,1
HFYSGTER,1
PIVNQQSCRISNIETVIEFQQ,1
EAKRLEIFKN,1
AKWAVPTTRTDDKLR,1
APTQEVKKET,1
KEKMVLNEEEITTKG,1
EQCGRQAGGKLCPSGMCCSQFGYCGKGPKYCSPDHNCQSNCKD,1
MCSPTALRCQAH,1
TKGENFTETD,1
WGTSAAAYFVGYLKPTT,1
FSLGPKQ,1
PQQQFPQTQQ,1
KGTFDPLQEPRT,1
NQGDLRLCSH,1
NFSTADSAKIKTLEAEKAALAARKADLEKALEGAM,1
KCTSDQDEQFIPKGCSK,1
VIGGDECNINEHPFLVLVYYDDYQCGGTLINEEWVLTAAHCDGKN,1
TARIIFNGKDLNLVERRIAAVNPSDPLETTKPDMTLKEALKIAFGFNEPNGNLQYQGKDITEFDFNFDQQTSQNIKNQLAELNATNIYTVLDKIKLNAKMNILIRDKRFHYDRNNIAVGADESVVKEAHREVINSSTEGLLLNIDKDIRKILSGYIVEIEDTEGLKEVINDRYDMLNISSLRQDGKTFIDFKKYNDKLPLYISNPNYKVNVYAVTKENTIINPSENGDTSTNGIKKILIFSKKGYEIG,1
MKVTVAFNQFGPN,1
DRAAGQPAGDRAAGQPAGDRA,1
ELAPEDPEDSALLED,1
TPNISIPQQTSSRTILF,1
QKRDPKTN,1
TLNPTI,1
TLNPTI,1
PHNVLQNF,1
PSLVITD,1
DNENHATVSDSKLV,1
VWDEWSPVSTAVAMGTRSRK,1
QQQPFPPQQP,1
VSVITPGTNASSEVAVL,1
KEALDKYELENHD,1
KYVTGIN,1
KYVTGIN,1
PQIPPPYVEPT,1
VGNYDFWYQ,1
GAWPAGAG,1
GFPCLSVASACYGIT,1
CDTATRTYSVQVRGSMDYVS,1
SAQSGTSGTSGTSGTSGT,1
KVVRFD,1
YGGIPGGISTPITQQSEK,1
WREDWGQLSGTAVPPQ,1
SPAFTKGEKVD,1
IIPDREVLYREFDEMEECSQ,1
EDINGIRRPK,1
LTMSNVKNVQTNFKSLLRNLGVS,1
TGELTMYYWV,1
RSELSQLS,1
KMNMHLENVPWIMNKQNLFK,1
DDDMGFGLFD,1
DDDMGFGLFD,1
TSLFTPG,1
KVKTTVVYGRRRSK,1
IPFGVT,1
QEIPQPQW,1
IAAISM,1
MITEFENP,1
KRTITSKKSKKAPSGASGVK,1
CTTPAQGNSMFPSC,1
AAASAIQGNVTSIHSL,1
NATRAAVEEGIVL,1
SCNATQYNQLST,1
GEEGLTLNLEDVQ,1
RNTNRRP,1
LHYRNQGWRSVETSGVAEEEATSGL,1
GCEMSCEIALVVCH,1
GTKAPPRLCIRVNNSELFFVASESSYNENDINTPKEIDDTTNLNNNYRNNLDEVILDYNSQTIPQISNRTLNTLVQDNSYVPRYDSNGTSEIEEYDVVDFNVFFYLHAQKVPEGETNISLTSSIDTALLEESKDIFFSSEFIDTINKPVNAALFIDWISKVIRDFTTEATQKSTVDKIADISLIVPYVGLALNIIIEAEKGNFEEAFELLGVGILLEFVPELTIPVILVFTIKSYIDSYENKNKAIKAINNSLIEREAKWKEIYSWIVSNWLTRINTQFNKRKEQMYQALQNQVDAIKTAIEYKYNNYTSDEKNRLESEYNINNIEEELNKKVSLAMKNIERFMTESSISYLMKLINEAKVGKLKKYDNHVKSDLLNYILDHRSILGEQTNELSDLVTSTLNSSIPFELSSYTNDKILIIYFNRLYKKIKDSSILDMRYENNKFIDISGYGSNISINGNVYIYSTNRNQFGIYNSRLSEVNIAQNNDIIYNSRYQNFSIS,1
NSGCFRHLDEREECKCLLNYKQEGD,1
FAKYIVGA,1
HLNDRVVVT,1
VSVPAEIL,1
TFAWHKPRVNLG,1
PLLPIF,1
EFLVNT,1
EFSRLGKEEMMAEMLQRGFEYNESDTKTQLI,1
PSAEECGYSDRVRSITLGNS,1
IAYLKSKGK,1
TSKLFPKMPGLPFI,1
FTQCSMNVVSKTLFRKSPIY,1
NKRNTNRRPQDVKFPGGG,1
YLTQDL,1
PTLLGEAT,1
EALDKYELENHDLKTKNEG,1
NLQTLVQK,1
KNVIKCTGESQTGNTGGGQAGNTVGDQAGSTGGSPQGSTGAS,1
RTLKIPAMTI,1
FLKVLKGDKSAGGKVLKSGK,1
AHKWYSQWLPHR,1
QIPTAF,1
EDGAGNQPGANGAGNQPG,1
NPTPQEIPQPQWTPEEDQKAREAF,1
SLKEKLQK,1
IDIISGAHWGVMFGLA,1
NDKSGSSS,1
NVSAFNNNLSSKNAMGLVLN,1
ISPTQLYAQVRA,1
AGAVVGGLGGYMLGSAMS,1
RVFPRGTVENPDKARELLNK,1
RHNTIRQQRRKNHHL,1
DRVVKEMRRQLEMIDKLTT,1
ARGSLAVTI,1
AQSTMKAEELTPGR,1
ADCTLWFCPQTSN,1
RCESALHVWVPPLLA,1
VAKVNIKPLEDKILV,1
VAKVNIKPLEDKILV,1
VEVPGSQHIDSQKKA,1
ITFKSGATFQ,1
KEVDRLEDE,1
LRDCCQ,1
PAADLNWGENQDGIVWV,1
QVLPCSFTTLPALSTGLI,1
TVVTTSVAEEGEEENQRGCE,1
LYMPQLSLYMPQLS,1
NGTPSELGGTNVPAE,1
YKLNFYFDLLRAKL,1
VKFHTETRTVWQLSVAGVSC,1
GMNNMNGDINNINGDINNMNGDINNMNGDINNMNGDINNMN,1
CPKNRKDSC,1
PSTPGERVRH,1
MDTWNPPLGSTSQPCLFQTP,1
MLTESTFKNLSVTFKFGEEF,1
AKKVPETFPELKPGESRHTS,1
VSTTIPTPVSEENIT,1
SMAGKREMVI,1
AIKKRNADAKADYEAKLAK,1
TSLNLQKDEPN,1
IPKGTLTW,1
YDELLKRKENELF,1
YKLPDHVRT,1
PDHIKVWDYATNKC,1
NYNYKYRYLRHGKLRPF,1
GYYYPSDPNTFYAPPYS,1
FGCTWMNSTGFTKVCGAPPC,1
KILIGV,1
YLGYLEQLLR,1
NNGDNGREGKDEDKRDGNNEDNEKLRKPKHKKLKQPGDGNPDPNA,1
IKTMNTQISTLKNDVHLLNEQIDKLNNEKGTLNSKISELNVQIMDL,1
SASLPYMDETRAIAGQFKEK,1
EGDDPAKAAFDSLQA,1
KSQQARQVKNNNPFS,1
GAALLQSARR,1
TFNLAY,1
QKLLEDVNAGFKTAV,1
KNQIQLFNLESSKIEVILK,1
LTEVETPIRNEWG,1
SSSSSSSSASSVSAHQPTQEKPAKTYDDAASESSDDDDIDALIEE,1
NYTIFKIRM,1
HEGKAYFPREGV,1
CAKSPRYTLD,1
RRRAGRCP,1
PKARQPEGRAWAQPG,1
TTIPPSSPP,1
NLSDAHKKNLYDHAL,1
YVFYSGNGPKASGGDYCIQS,1
NQSTVK,1
TVSLPVGADEDDIKATYDKG,1
TKKPTFKTTKKD,1
GNLLLSCL,1
GNLLLSCL,1
CYTVSDSSFFSYGEIPFGVTDGPRY,1
EDINGIRRPKHLYV,1
QTASRQAEV,1
SGYCAWPACYCYGVP,1
GREVKAETRLNP,1
YFWNYSYEVF,1
QRPFGQQPEQ,1
EIEMLKRNKIYFMQ,1
LVAQKEEFEYDENME,1
WQIDYAM,1
AAGFASKTPANQAISMIDGP,1
GRITLTGKPAVVPDREILYQ,1
FSSIPNGTYR,1
EDKSVTEEIAEEDKSVT,1
LMQILGLKLKRRDLIEDTMK,1
CPVVIGYANGSCNQDASSAA,1
RLRSSVPGVRLLQDSVDFSL,1
KWKYENPCKKM,1
CSVSYLMKKMIPLAVEKLL,1
LTGPFTVRYTTEGGTKTEAEDVIPEGWKADTSYESK,1
KGSDVESYSSMPPL,1
SILDLDLTKFTTQKQ,1
HHSHSILQSDWF,1
ATPYHPPATP,1
NVSAIFMAVLLTLQT,1
VRHHFTPSERQLCLSSIQTAFNQGAGTCTL,1
LLLNPTHQIYPVTQPLAPVHNPISV,1
NNRAVPDKIDWRESGYVTE,1
PDREVLYQEFDEMEECASQL,1
SDSVGQQIKVIPVDPYFFQM,1
RALRTDPEGVDPDVRAPRTG,1
YSETQRATSRRGDLAVLAQRLENETTRCLPRTFNF,1
QESTRLTYAVWM,1
SLNFLGGTTVCLGQN,1
DQAMEDIKQM,1
LFYHHKFNS,1
PADPPF,1
GMGVSCTVTREDGTNRR,1
QKSKPF,1
RLDVGTNLGNAIAKL,1
KYDSLKEK,1
LAHLTTTHARHLP,1
DIQKVAGTWYSLAMAA,1
ADKSSILFLCDD,1
DNQHEQDRPTPSPAPSRPFS,1
ANPPDHSAPLGVTRPSAPPLPHVVDLPQLGPRR,1
TRLNPDLQPTE,1
EGLKEVINDRYDMLN,1
TADSELRRWVKY,1
QPFPLQPQQP,1
IRGDTFATR,1
QDVKFPGGGQIVGGVYLLPRRG,1
CPKYVKSEKLVLATGLRNVPEKQT,1
APARGEPAPG,1
NLNAHSALYVTR,1
SSRGKVVE,1
PAKLLKERGFFGAIAGFLE,1
ADLIAAQKLASKP,1
NDKGRLSRAEIERMV,1
NSNDKSGS,1
LHQPPPQIFLKILPQSGPIG,1
LHQPPPQIFLKILPQSGPIG,1
AAAGFMVLQDINCFRPHGVSAAQEKISFGKSSQCREAVGT,1
LDNIKGNVGKNEDYIKKNKK,1
APGPDGNNGAQGPPGLQGVQGGKGEQGPAGPPGFQGLPGPAGTAGE,1
MANTGAMELV,1
LIVTQTMKGLDIQK,1
SKTNIFWAGDLL,1
IEEGQRIAEML,1
MGGWSSKPRKGMGTNLSVPNP,1
HSQWNKPSKPKTNMK,1
PIFKSGRGCGSCFEI,1
DNPASTTNKDK,1
DNPASTTNKDK,1
IKLMPNITLLNNCTR,1
RPEGRTWA,1
AQGQYSNTLLRIYRDNKSIN,1
KIMSKWVNTFNINAYIMSNF,1
APHRVLATVYNGECRYSRNA,1
MKEGIHAQQK,1
KQQESK,1
IDQLTADKAKADAELAA,1
PQPGPQPPQPPQPQPEAPAPQPPAG,1
ILTVSVAVSEGKPTEKHIQI,1
DAGDHSHPQ,1
NAPSYTNGKLNIYYRRLYNGLKF,1
ENCGAATS,1
INNLIVELIRGT,1
NPPDHS,1
RHVKNYHSRSESTIE,1
YPEEVVEEVVPEEVVEEVVP,1
VQWMNRLIAFAFAGNHVSP,1
SESHNFDAVMSKLGVSWATR,1
KAFRELAD,1
QQLIVKDAER,1
GLTSLFT,1
LDEGKQSLTKLAAAWG,1
GQTTPQVETEDTKEP,1
LATCPEHQITWDPIDGRVIG,1
MPTKSL,1
LNEGVVLDEVIFSKH,1
RSNGSGTMSDVVKGVEW,1
LQPGKTS,1
TAPKAPTEAA,1
SQHIDS,1
DDLDEGIEKSSEELSEEK,1
HWYISKPQ,1
SFFVKDWSER,1
PQSNQRSAPRITFGG,1
QKASIAGTDSGW,1
THNQWNKPSKPKTNMK,1
SGNLLFTGHLKCRLRMDKLQLKGMSYSMCTG,1
GKFPTLDH,1
KGTHSLYSQIAG,1
QQQTAPKAPT,1
TAGRTMSGFTSFLSPG,1
PIQNSKSAYTPAYYTKNTNNNLTLVPAVVGKPGS,1
SSRRYPFVK,1
KGITTKWMA,1
AASEALDPHAFHLLLNTYGR,1
SSPSSTKSSPSNVKSAS,1
SVTEEIAEEDKSVTEE,1
TEAAILTQQAAQFDQ,1
NPNVDP,1
QEPPAPQAPYQGYQEPPPPQ,1
ARTGEG,1
KTHVTGMVAGKNAHTLSSIFTSGPSQN,1
VETWKKPD,1
MDIDPYKEFGA,1
NTHVTGGVVARNAYRITTFLNPGPAQN,1
TASFHRN,1
NCSSYA,1
LPSDFFPSVRDL,1
SPKRIGTGDR,1
SGHMAWDMMNWSPT,1
NCRDPCCDAASCKLHSW,1
YGLFHKEKMIL,1
SSAVDSGTATAPPD,1
AHTTSDPWHPPG,1
SNSVRVEDVT,1
DDKDPQFKDNVILLNKHIDA,1
CGPKLSTDLIKNQCVNFNFNGLTGTGVLTPSSKRFQPFQQFG,1
TKKNYSELDDEEPMELDYP,1
QQEQQFKRELRNLPQ,1
FCPGVGRYPVRQCY,1
DKRDGNNEDNENLRKPKHKKL,1
LHTISRYSSEYPHGDK,1
ICMEAASIVRANKKRTLGAR,1
VTAFCSALYR,1
TGYRFTNFE,1
ASSPDAHVPFCFGKDLKRPGSSPME,1
EMLKRNKIYF,1
INKRKYDS,1
CDIPIGAGICASYHTVS,1
KGLRRDLDASREAKKQ,1
AVDTGSGGGGQPHDTAPRGARKKQ,1
PVSISAVAVLAPHSALALLEDTMDYPARAH,1
VKAVTTLLKA,1
AEVSYVHVNGAK,1
SVSQHFNVYKATRPYIAYCA,1
VEKLLDFDNTLKKNLLNYI,1
YTKTVTAIRGDREVLAQKYSSAKHSLPSTFNF,1
IAVAGDLFQPER,1
NNGTWSKHKAEVKKFLN,1
GPGVAGSG,1
ELAAKLVALGINAV,1
ATYTTGGAQSHTLRGVTSFFSPGASQKIQLI,1
PELGPPTNPFQAAVARGLRPPLHDPDTEAPTEAC,1
VEVPGS,1
ERLYIG,1
NTWEGQAASAALGAL,1
KEDVPSERYLGYLEQLLRLK,1
FEPLRAETDDVEPS,1
GYLEQLLRLKKYKVPQ,1
HTHADGEVHC,1
CTSPYDGKYWSMYSRL,1
ADPPFS,1
PGKKTTTKPTKKPTL,1
GNPTYSWGENDTDVLLLNNT,1
IRPAGFCDGYCKTHL,1
CPFIKPEVKPGTPA,1
TPEMDIPGQVNNLMEIAEVD,1
DNNDSGHSTGADTG,1
VPNLRGDLQVLAQKVART,1
VPNLRGDLQVLAQKVART,1
HTRVTGGVQG,1
AEGEFGLADLATLTFGSTDPAK,1
SQKGKQQEEEENEGS,1
GTSMDDEADRYF,1
PLGLKRGIEK,1
SMIPYGVKRLEDFDASLKD,1
TGCRAM,1
AACRAA,1
DSNNLPILEFIQ,1
GHNSVDFEED,1
FVKIQNLNPIHVIDLMQTHQHGL,1
YRNILYFPNHLPEELRKQTK,1
GPRLGVRATRKTSERSQPRG,1
SGPRHRDGVRRPQKRPSCIG,1
WSERIREFMEKECP,1
KQIRDSITEEWS,1
LNPTITGKGA,1
CDLAPE,1
VDRGWGNGC,1
TVAFNQFGPNAGQ,1
STIVSGGTVARTTHSLASLFTQGASQK,1
GSPPRRPPPGRRPFFHPVGE,1
RVRGLYLPAGGS,1
APPLPH,1
ITNDQKKLMS,1
KNFNFEVE,1
QSPHLTYPEPMS,1
DGLRAQDDYNGWDINTPAF,1
FLVNAWKSKK,1
KQQGYKGAGGY,1
STSASAPNES,1
PDREVLYREFDEMEACAPHL,1
VRSPAQILQW,1
EFPAAPAKAEAKEESEESDEDMGFGLFD,1
GKTLAEVKALTTELTAENQE,1
GPVSQHNNR,1
LIEEGQRMA,1
LVAGSNGYPNYRHQADVCHA,1
FADKPDESTLSPEMKEHYDK,1
TAVSPTTLR,1
SKTDNLT,1
YDNAYCDKLCKDKKA,1
PELAPEDPEDSALL,1
YYTKDTNNNLT,1
HFANMKFRHSPD,1
SASGSGVRGDFGSLAPRVARQLPASFNYGAIK,1
DKGIAIPHDIDLGESRVVIQDYDNQ,1
DAVLAPHIGGEAGSS,1
VTVDDVHKACERFEQ,1
TLSYKLYRHSLL,1
QSGASATSAQSGPSG,1
KIVYEKSQLAPRKLY,1
GRMASCRSIDKFDQGWGPIT,1
KSSLEDQKIKEKLQP,1
KVMATIDSF,1
SSNGDREI,1
KVPEDTLN,1
CYKKVWRDHAGTI,1
GDAKKKKDGKKAEPKNPREN,1
KEIQMLKNQILSLEESIKSLNEFINNLKN,1
SDKPDNKP,1
PAKSMDVR,1
AVPTGVAFWLYNDHD,1
NDFNFDDYNYWTPIN,1
LLGYKKGEGNTCVENNNPTC,1
LLGYKKGEGNTCVENNNPTC,1
KYGGTEIKYN,1
AEGEFRELLYEAFDDMEGDPAK,1
DDPFRS,1
EHPWPLL,1
PERLASCRPL,1
GFNSSVITYPDAQLVPGINGKAI,1
RPIDRFAQGWGPITH,0
QNRMKLADCAVGF,0
GVDAETHVTGGSAGHTVS,0
SPCSVTCG,0
FNPLFSVMKS,0
DVAEAMFRHG,0
WRYRQYIN,0
QPGTLAPTGL,0
AAYPLLGTGI,0
FNTKTAFHCYGAC,0
EVKYAVFEAALT,0
ISDQKGAL,0
LHDKKMAEL,0
PYPNGIVY,0
RAVVPIIPFLLVL,0
IFPKQYPIINFTTAGATVQSYTNFIRAVRG,0
VTFKNP,0
MLHYAGELA,0
GAGSGVTPGRGSSGT,0
QQYPLGQGSFRPSQQNPQAQG,0
AIDRGAVSDAADKFRV,0
TTKQRQNKPPNK,0
IPKLVGNN,0
ETEETVGH,0
RAATVHLLGD,0
KYLWEWA,0
YSPACGKAGCTTYKW,0
IVWVATEGALNTPKD,0
TSKGQKCEFQDAY,0
VSMPTAQSTMKAEEL,0
GRLKEEKGD,0
QIPYNLKIRANELDVLKKLV,0
EPAQAGDEEVTESGL,0
ASVLSGGEK,0
IKYLEKTN,0
MENSAEPEQS,0
PRSNTSSG,0
GGGSAFSSVPKKHVPTQPLD,0
KFEKMIQEHTDKFNKKM,0
MHTPGCVPCVREDNSSRCWV,0
KNKPTL,0
INSMVNGGSAESKAIFEAKA,0
AKIENAIRMI,0
STSNPPHGLPSTLRWFFNLF,0
ITKILENKRESINVR,0
GRINTVDSNNLP,0
IKGGFIALS,0
SSRAHAIVAL,0
PGAGHTNTSSASAAK,0
EFDEMEECASHLPYFEQGMQ,0
ASGSSEHM,0
ESKKLTEKEKAELQAK,0
GSVTSVASVASVASV,0
TAAASAAAAVDT,0
TPGPVGASAAPTADSPLTAS,0
LCPNNLCCSQ,0
GVSDLASGSHSSGLK,0
VRNYLFTI,0
QDKIDTQR,0
FAEMNGWNA,0
EGNSSRCWVALTPTLAARNA,0
SKNSAASQ,0
RFSDLG,0
IPIPSSW,0
DQCSNGGLDL,0
CDPATG,0
SLPYGANKEGIVWVA,0
SANKPKDE,0
RCLPPQTPAAPSDLP,0
DVQAPNYTQHTSSMRG,0
NGQVTEVTTATG,0
TKSVQIPK,0
AKVLIVALLF,0
SCEAYSENGIFNI,0
QAYLAPDNVI,0
LGYSAS,0
IQEVRKGA,0
RLHRRTVLFNELMLWLGYYR,0
RYDSRPPEDVF,0
KKADSGYCYWVHILC,0
RKIFINNI,0
QGASVTVT,0
ENTAIKQRNE,0
KNNFSLTVNDAYGIKSNVVR,0
NYYGKQEN,0
TTTHATYK,0
SAQQKQNI,0
LASCRPLTDFDQGW,0
AKLGIGVAT,0
THYVVESDASQRVTQVLSSL,0
LSNVAAMALGAGIPTSSTIG,0
GRIVLSGKP,0
KEKINEKI,0
KIKVYLPRMKME,0
KTEQAGEIQVLSTV,0
KGIDGL,0
EQAQVIAEH,0
KELQEKIIRELDVVCA,0
AGGAQRVAAQERSREL,0
EMFAHHGKA,0
NGAKLGIGV,0
ISFLLILM,0
TLCSALYVGDLC,0
ISIIGRLHL,0
VTEKDS,0
QAEEASQV,0
LFLLLA,0
TPRFRPISV,0
RKALEN,0
LVKLGVWKSPTGMQS,0
PENLEY,0
KGMRRLEREH,0
QYTRTLLWTSSG,0
KQCPENSG,0
LFDGIFCS,0
NNFDKDVV,0
GRALVQVVNCNGERV,0
SSGKYEGGNIYTKKEAFNVE,0
GTPFYIANNDENEKL,0
NNTNGSST,0
RLKEEKGDN,0
GCSTSVLGNVLI,0
PTILSEGNSFTA,0
ENDIKFAQ,0
LGNKAF,0
FSKLYPES,0
YKQEGDKC,0
TNTTGNPEY,0
GTKIKEGL,0
NGGNGSPAVYLLDGL,0
KWLTELGG,0
GVLNNS,0
TEWTSSNVMEER,0
EERQQNLQQRQQQPPPPARK,0
KKIKNSIS,0
AADNDKNS,0
SASNVLATYH,0
GSQEGA,0
EQARLALTLAAAESERFVRQ,0
QTLQGASV,0
KLRKPKHK,0
ELGQDKMQ,0
MSSAGSGFSSGSGYSVGSGKNYSTGFANAI,0
CVVIVGRIV,0
LVLYAAPLSP,0
GKKDKD,0
RQVLPVKNC,0
IKQMEAESIS,0
ATFQVE,0
EKSVELIDI,0
ELFLKNEDI,0
YFVASFRLFARTRSMWSFNPETN,0
RYGYEAGAKY,0
VAASETTE,0
GVGSGMVGWALKWE,0
QTQPSKPTTKQR,0
ILKCLRVLTFSCS,0
TSYDFEFIN,0
AAELEGEFA,0
TGLIYAHT,0
LDRHANTALVNAVNKLVYTG,0
CIGAMATHLCGGW,0
KVILTKTLVIGQC,0
ENFLPEAK,0
AVAQDGNSLTVKTPA,0
ALQNAASIAGLFLTTEAVVADKPEK,0
NNTTGNPEF,0
AFDSLQASATEYIGY,0
TLPPKEVK,0
ALLEKGNPEM,0
AAAAVDTGSGGG,0
FRVASMASEKMK,0
YGTVTM,0
DITINEGKK,0
NYEENFIAQVRNSLR,0
NRRPQDVK,0
IQEIIEQLDVTTS,0
AVTQVGIT,0
AGGVAVIKAGAATEVELKERKH,0
KARNTPFNML,0
GLTLPGAGAFW,0
SMNLGFLAK,0
NLKCSLPHRNES,0
ANNNTLGVSSLANIMLDSPG,0
KEIKIT,0
PVGAHGQSSC,0
QFKQKAIGL,0
NKQIDTNI,0
LLKNQRESYFVDAQP,0
NVVQRNAPS,0
KQIDLEEK,0
VIMSDESTESETEQA,0
LIMVLSFL,0
LDNIKDNV,0
DIKFAQEG,0
ILQAPKESLR,0
SPNNTNGS,0
CIQMISEAARFQYIE,0
HERLYEVMK,0
STIDELKT,0
DPTATDAKQHHRHGYEKPEE,0
TEMGRLPTFM,0
PNRNVDEN,0
YQMFLTKRKPQC,0
DVGKAAAILTTVSGK,0
RNQGSR,0
KEFIPKVK,0
FDEMEECSQ,0
HELRPDGTSSAAGGP,0
NIDFNDINSKLNEGINQAI,0
MMWYWGP,0
AAAEKAITVGAS,0
FCSSSNFL,0
PELFDLTN,0
VPPLRAWRHRARSV,0
EFWEAVFTGL,0
TTLPKGFYAEGSRGGSQASS,0
WNIYQNCSRCNN,0
DYQSFFKN,0
VRIVDQCSNG,0
GIYQVPIGPS,0
ANVVQRNAP,0
SCPPICP,0
DQEDWKSDPSQGGGIKITHF,0
AEDKEY,0
DGIRAAELE,0
SVDSQTAMVLVN,0
TCFARAVT,0
DHEARLKLLRGVEFT,0
VEYTVQFTPLNPDDDFRPGL,0
ANLVPNTALD,0
LDAASSPF,0
WGRWLLVGAAATLPS,0
FLKILSGEL,0
HGSRNNHP,0
VAAFKGDDSI,0
HTTIVHDK,0
LGKNKLAP,0
QKARDALDNL,0
HTFHTEGAG,0
NSTNITAVVRAQGLD,0
MSYSMC,0
YEGDTSAGYN,0
KEELDLIIT,0
GESFTYEKSEV,0
EIASKLRGMGLNAV,0
GSRFHI,0
STDDYQSF,0
IDAGPR,0
HHANENIFYCPI,0
DLLRAKLN,0
LENRVLTGWGLN,0
ITRADGTRLEYT,0
VDADKYAVTV,0
ISTKQTQS,0
TLGNKA,0
VLYQEFDEMEECGSHLPYIE,0
SPDIYNPQAGSLKTA,0
NLITEMGRLP,0
KVVIDGKDQNVTGSVVCTTA,0
TPSPAPSRPF,0
KATHNF,0
QGSFRPSQQNPQAQGSVQPQQ,0
RPATIELTHNWGTES,0
YQAGDQSY,0
VYCDTCRAGFIT,0
QTDIAGTGLTFDIAFKFASN,0
RQTLQGAS,0
FLGGSPVCLGQNSQ,0
LRIAYL,0
SPTSNHS,0
WGPITYTEPD,0
LINFDNTVI,0
DVTLSSTGVTIS,0
AELKRVQEAN,0
SNQEPLKI,0
CDNIHGFK,0
QKLEAFWHK,0
LLKEQLES,0
NNTTGNPEN,0
NIKNETGFQAQVVKDYFTLK,0
KAEEVEKI,0
GLNMHTYFPNKGTQQYTDQI,0
EYNTEKPPINI,0
TSPSQVYTTSEY,0
NLAGNTEQEFLRYQQ,0
TQGRRVVIDE,0
QKQITGTS,0
LEDLGQKFERLKQRSELYLQ,0
SKIDGKLN,0
LLTSILTY,0
GHTTAGLVGL,0
PTCWAICKRIPN,0
EKLQERLA,0
HQCVKKQC,0
QDFDENGWKD,0
NCGQRMPRARYG,0
KDKKADSGYCYWVHI,0
GNYKLNTD,0
TITPGRRNL,0
VGAEYDFSKRTS,0
EYQCYGSS,0
SEDKPFNLRSRDPIY,0
TYDCEPRCPY,0
NKVVEAGLFAGWVKQIVND,0
MEDTNV,0
GQYTVFAP,0
LSCKPWQESRKNK,0
PQTTKPKEAPTT,0
ILEQWV,0
NALPSA,0
GTSGTSPS,0
GCSFSIFLLALLSCLTVPAS,0
IAAKLGAAASSP,0
ALKKELSQ,0
ASVSVSFGIAYWEKE,0
NTLENSDH,0
GCALLRCIPALDS,0
KKEVDKLK,0
DECHSTDATSILGI,0
CLLNYKQE,0
CLLNYKQE,0
TTTSTGP,0
KIFSYT,0
VGFVRNPKMI,0
GQILVVPQGFAV,0
SPLLLSTTEWQVLPCSFTTL,0
VKDYFTLKGAAAPVAHFQGS,0
QKVTLKWDAP,0
TNAAFSKL,0
MSDNGPQSNQRSAPR,0
TRACRQPILLRQYGGCRGGE,0
LKVYEHAV,0
ILINLMQPRQ,0
LCCPRHRPVS,0
SGLTGVKDSSS,0
TALNCNDSLT,0
IDDYLINL,0
VTDALNATRAAVE,0
VTTMAK,0
NVCTHIADL,0
YTASARGDL,0
DLYTVTNSDDDP,0
SPYYSPAFTKG,0
EACPTFLRFEGGVPYVTTKT,0
IAEVEHDYT,0
DLTNHMLT,0
CPECRPLGLQGCAFQ,0
KEVKVVEN,0
SSRSNTLP,0
PGGNDGNS,0
KKIALHRAK,0
TIEVTEVK,0
QHKEGRFKSQ,0
ALIACKQNVSSL,0
KGSSIG,0
VHNLIGMLQA,0
AVHSGPDEYRRLFEP,0
AKTIADGITSAEDKEYGVLNNSDYIPTSGNTVGYTF,0
RLYEVMKEK,0
ALLLLFRLNQLESKV,0
RSHRRWRPGTCAIREIRKFQ,0
LEELER,0
IDQNKNAD,0
LLGSKGRG,0
DGKYDLIATVDK,0
FSLYFLGYEDTSTAP,0
YNNLVNKI,0
DTKEKINE,0
EEATSGLVML,0
QSLEKELA,0
DILEQW,0
LVNKIDDY,0
KPPTTKAANPQP,0
EKPAEEEK,0
SPCKIPFEIMDLEKRH,0
LKPLAGVY,0
WGWCGSTDEY,0
SVLMAMGITDVF,0
YSKYGGTEIKYNGEE,0
YSKYGGTEIKYNGEE,0
HQFKEKVLG,0
CIEAKL,0
SSVATGTNLV,0
QLKGMS,0
PNRNVDENA,0
DNFEYVSFKTNDRPS,0
MLNDTLHN,0
PLKVKVHGKDS,0
LGVEFVKKPHDGKMK,0
HATYKYNR,0
AIDKRQRASVAG,0
FRTEFGFHPNAEWIL,0
GLGNVNGVTLGYTSGTGQGN,0
LKNNDTYF,0
RPFSVLRANDVLWLSLTAAE,0
DANFDSIRVDAEDNVDADQL,0
IGGNRRIFG,0
QTMKGL,0
YGLIGANGA,0
IQTTEGNLNE,0
TDPLELEY,0
VRVSGSSG,0
SEGLLASAPHLER,0
NRYFIVGS,0
QGEKTR,0
LGFLAKGNA,0
VTLGNK,0
LRHHNLVYSTTSRSA,0
MDGVASMIH,0
HRMAWD,0
LNAQRPDNRIESEGG,0
FTTTPSSVGEGFVW,0
LTTKPTEKPTIN,0
HGPGKRRK,0
RGFHGAKSD,0
DSGSSSAILNS,0
AEEKEKSS,0
RDGKLPTTQL,0
RQPARPLGSA,0
NDCSNSSIVY,0
ESHDPLTV,0
LITEMGRLPT,0
FGEVKL,0
LSAQQKQN,0
GKLNDNLH,0
LIDGYEEI,0
LFFIINTQ,0
GIYKADIGI,0
NPPPANSG,0
HFIKKGDVPRALNRLATLVT,0
KYPELFDL,0
EEELKR,0
VIVVSHDRH,0
SLIAFDAT,0
GNISTSGG,0
HHKVMLLGHDDA,0
TAENTAIKQR,0
IDNMLKSL,0
MLDILVNSLYTNRAVFLREL,0
PEKEEPTA,0
GSVFLVGQLFTFSPRHH,0
NKYTEISV,0
SFTTLPALSTGL,0
LYIIKLVFLWLLWPVTLA,0
DETMKNNL,0
SSGPAVVE,0
DHVRTKG,0
SPANVVGT,0
EAYESKWT,0
VSTTSEYPSQPSSPPNTPRQ,0
LWFHISCLTF,0
HGLYRSSDKTG,0
KVNEREDE,0
ATDYVYDST,0
ACAPDRCPPTCIYV,0
DCSKDYYQMFLT,0
VIVKVSKEHVEE,0
VVSLVM,0
ELERDL,0
SNEDNEDDEDE,0
IPNKKPGKKTTTKPTKKPTFKTTKKDHKPQTTKPKEVPTTK,0
VLNELNYD,0
LLLCLIF,0
PVSQPYHHWDTDKYVTGINA,0
MNALGVKDDWLLVPSHAYKF,0
GNSVKLQV,0
CTGKFK,0
AVSTPVAPTQ,0
NGSWHINRTA,0
APQAGTKPNQNKAPMKETKR,0
LTGLIYAH,0
VLMGFGIITGTLRITNPVRA,0
APKTAG,0
LAKKRKEKG,0
STSVLGNVLINE,0
TEGAGGGHA,0
IASGTAVRF,0
STHEPAEKHLSQCMR,0
KSVELIDIG,0
SSTETVNS,0
SLADQIEAG,0
RRGEKEAI,0
TQKARDALDN,0
WFEANRPTCP,0
QTAMVLVNAIVF,0
GHLKCR,0
SLYSIVS,0
KKQCPENS,0
QVLAQKVA,0
FLDSIAGTLKSMMFGFHHSV,0
AIITFK,0
EKPITEAA,0
NVHSNDDYFEVIDFASDATI,0
HYAGELAKK,0
GGFIALSQM,0
FLCKHS,0
PQPVYYREM,0
EDVFQNGFTAW,0
LFTDPLEL,0
AQSGTSGT,0
EKCSSVFN,0
ANPGSVTVHE,0
AYTGGMCYPKNS,0
DGKEVTSKP,0
SKAYSNCYPYDVPDYASL,0
GPCKTCT,0
VVSTVIHTLSFLC,0
LEHGSC,0
WMMWYWG,0
NWAQNRMKLADC,0
DPTFTIETITLPQDAV,0
KRPGSSPMEVML,0
QAGFFLL,0
AAHAEINEAGRE,0
VDDEALEKFD,0
KTGIDPRG,0
TCECTKPD,0
NSSIVYEAADAILHTPGCVPCVREG,0
NPSDPLET,0
EWIPRFKVSPYLFTV,0
KLPGFGDSIEAQ,0
ILLLCLI,0
SSQHQERCCNELNEF,0
QRLEAFWAK,0
RECGIKKGSSGYCAW,0
EKRHVL,0
SVFFNKKK,0
AGIKYFSMVGN,0
PIYVQEEVEVASTAATPEPA,0
GEKVRCMLS,0
GVKRISTEVYEEVRRVLKAY,0
VVTGEAIS,0
GTGGVDEPSTHEPAE,0
HAQDGDAITMRNV,0
WIQPKTKVIP,0
GGQIVGGV,0
KFLATLILFFQFCPLIFGDYSP,0
HTKEQNKK,0
LTQKPDVDLEAHPKILKKCG,0
NWYSLKKN,0
KHWVYYTCCPDTPYL,0
NKVLVLDTDY,0
EREECKCL,0
GYTSGTGQGNASATKDGSHY,0
AEMLKSKIQ,0
AADMIMHTPGCVPCV,0
LSTIPDKVANELLLA,0
NELKSCDP,0
KRCRLNPRTVMLAARHDDDI,0
YCFDGFSGCN,0
KEKGIKLNY,0
RATYQDFD,0
KIDLFKNH,0
GANYLL,0
VLYTPNISIPEETSSRTILFPSLA,0
TGKFKI,0
YYRGLDVSVIPTSGDV,0
REGMSQSNN,0
EKFVKEQRETENGSRVPEDTLNKVE,0
EKFTSNKYWSKVNFPHGMLD,0
GVTRPSAPPL,0
PTIQIPKL,0
QRASVAGAGAHA,0
IAAEDTLHD,0
NITVTA,0
VVNSSIGL,0
DQARELINSWVE,0
EAHNLISV,0
TLYTDIST,0
HFQGSLPEVPAYNASEKYPS,0
RSKVASVEYILAARAL,0
GSLAPRVARQ,0
GNLAGANSLLNALPE,0
RGRRTHPSVRYVC,0
CYKLPDH,0
QANKWLTE,0
YYLHKLKE,0
TYHVFVDGK,0
ATGTNLVLYAAPLSPLLPLQDGTNT,0
LLDEPTNGL,0
CSLKGRRA,0
QSITELCSEY,0
PINFQTAADQAR,0
QAKLTAYQTE,0
KYFKKEEEKLFLAPISDSD,0
YTTSEYLSQPTS,0
ASTTTHAT,0
PQIVRGASEDVRKQPYNLTIA,0
KLLSTGLV,0
LATFNADLTKSVATIYPTVV,0
QRPQDRHQKVHRFRE,0
IEAEPP,0
DLESITAVN,0
SSTTSLNLQKD,0
IAYGRT,0
VLACAIATHAKIRD,0
KPLAGVYR,0
VGGVYLLP,0
AGAHAHLGGSSA,0
KLSFLSSG,0
TSRKKQLEK,0
YQGMLPV,0
NQALKKEL,0
GISDQKGA,0
KAKEVLKGYVLE,0
LSSSSSHAEPRGENAVLSSE,0
LADYPVKLKAYEDEQTSIK,0
QEGISYYE,0
THNFGD,0
LVAFKIMSGEVPSTEDLVNLLPAIL,0
SDYDREKLQERLAKLAGGVAVIKAG,0
FWYQSSQLA,0
ILSSIENTVHNLMHA,0
KKDYEELL,0
ETEVTEET,0
IDLTSRPAHGGKTEQGLSPK,0
TNTGTGAKTTVRIVDQCSNG,0
ELMEDT,0
VVGVGGGSGSW,0
PAFRANTANPDWDFNPNKDTWPDANKV,0
TKASEN,0
YTMISYGDDIVVASD,0
NCRRSALRGL,0
VLSFLFLN,0
TIQVPGLETDGCKVL,0
YRDGTKIK,0
LFGATLDDQA,0
FALAKIDPELKQCKH,0
EGKKKLYQ,0
CSPDHNCQSN,0
LNKELEESKKLTEKEK,0
DPSVITLENSWGRLSTAIQESNQGAFASPI,0
VLNNSD,0
DISLLDAQSA,0
NIGRATME,0
TEGNCYGLI,0
FTDTLVDITDTETSA,0
QELNQNNLPNDV,0
RAAVTQTASRDAADEVWALR,0
MPTTSTASQNTVSTTPRRPS,0
SYSWTGALI,0
TGNPEYTSQKET,0
PLEFQHLIENYGSIAPDALT,0
EFYAQCRRWL,0
PNLRGDLQ,0
ATSRKKQLE,0
AALTAENTAI,0
QAQVIAEHQ,0
KKPGKKTTTKPT,0
DPDGYWIEIFDLKTI,0
EITLISSGRKDC,0
IKNSISTE,0
GMSYSM,0
CGSVFLVSQL,0
GVGLRV,0
VFNYETETTSVIPAA,0
YEVMKEKDE,0
CGIVPAKSVCGPVYCF,0
VCGGYNAA,0
DECHSTDSTTILGI,0
FVTDPERQEA,0
KIDALN,0
QVRNSLRMVPHQMNL,0
KIASCLNDNANGYFSGHVIP,0
AIVFKGLWEKAF,0
MGRSIKVQFQNGGNG,0
TFHSTSSEGNPSPSQ,0
SKVITGLT,0
EVTFDGGKMV,0
PTLAAQFPFNASDSVGQQIK,0
LNAMKPDL,0
LLVPFVQ,0
SFSNWLRDICSGITIFKNFK,0
GISYYEKV,0
VCGGVSTANATVYMIDSVLM,0
HVGQGEGAVQWMNRLIAFAS,0
TAVRVPVPQLQPQNPSQQQPQ,0
LSKMMLSSA,0
ATEALAGEG,0
SNKWTCKSQRDS,0
TIKFNIDS,0
VVLPEN,0
ASLDFYSRVLGMSLL,0
ADNESKKIA,0
LSDPSGRSSERQPSL,0
IPVEVLANSYDI,0
DSLSTNDFKSIL,0
PASVQGMS,0
DIKTTTSS,0
TDPTERTVWTFGRPA,0
SSWFTVGAGGGDIY,0
TATDKFEYVGSDQHP,0
ILTYHVVA,0
SNIASINK,0
KPTQTLYT,0
NVLATYHLYNSQDHGWDLNA,0
STARHRLRRG,0
TGPSRASDARAAH,0
IWMMWYW,0
IWMMWYWGPSLYSI,0
GEEHAV,0
RGGAFALC,0
TLYLTQDLFLPFYSN,0
LSQKTLTK,0
RVTAILSSLTVTQLLRRLHQWISSE,0
PDAKPGNKAVPGKGQA,0
HGTHCSGTI,0
PELTTLTA,0
YLKETNNAISFESNSGSLEKK,0
DVVIKGHER,0
TCWAICKRIPNK,0
FYENILKN,0
LLPSFDTLLVDPLRLSVFA,0
ASVDPV,0
SHSEPLIVPSLED,0
SSNNSVYN,0
EKGKDKWIELKESWGAVW,0
SVLGNVLINESF,0
MASVVGWGPHSLHACPALVL,0
LDSQTGHVS,0
AVSLIISV,0
KNALNDEI,0
DNESKKIAL,0
SQEGGAGVPGTSVPSA,0
LEVNYRHPLVDEMFKRFTVD,0
KDIKSMLS,0
NGTGNDITT,0
DIGHADFGG,0
SFDADTIRIAQP,0
KDSPVN,0
CERFEQLGVEFVKKP,0
ILKNNDTY,0
DPSQSNKYGQLFEAE,0
ELEYYLRE,0
FFSWVDGVQIHRFA,0
LPEAKVTT,0
YFITRAEAHL,0
GNDGNSVK,0
RCMLSKMML,0
EAGCVEDTM,0
LEVTFDGG,0
ASQRVTQVLSSLTITSLLRR,0
HDGKMKNIAFIKDPD,0
IDTNITSP,0
SGGVSTVVGVG,0
TTATSPISA,0
DGNSVKLQ,0
GYHHSNEQGSGYAADKESTQKAIDGVTNK,0
YAKTKN,0
VGLSMAGSSALILAA,0
FLNNVCTHI,0
AKSTWYGKPTGAGPKDNG,0
EAFWAKHMW,0
AQCGTSVNVHSS,0
QKYSYPWQTSKCF,0
FIQQGRGYFGLIFPG,0
ALGLLQTASIQAEAIAPAV,0
VDTLNSGQ,0
ENAVLSSEDLHKPGQVSVQL,0
EPTLGDQLPSLAFPEPGLRP,0
AMPFRVTEQESK,0
KQVTIRIGCKTS,0
PDTPYLDITYHFIMQRIPL,0
MLSNNLNPMVFENAKEVFLI,0
NQVPQYVLSL,0
LLVLQAGFFLLTRI,0
PYIEQAQAIAQQFKDKVLGL,0
PDALTVTISEIAVKDVTDKT,0
NGYFSGHVIPACKNLPSP,0
ETGKGV,0
WVYCGNGTPSELGGT,0
AGGHNAVF,0
VTGQGNSL,0
RRGDMGSL,0
KIGFLGGIEG,0
CVWNNK,0
LKFQDAYNGAGGHNA,0
VQSGGACSASLDSAIA,0
EDKEYGLLNSKKYIPTNGN,0
NAYCNEE,0
IDSINQSK,0
HIMEEARAG,0
DNLGGNGE,0
YPPKPGCIVP,0
VRIKPGSA,0
VLSVWDRGVLFTREDLMMTE,0
PSQGGVNSPV,0
TGNDITTAT,0
PVCPLIP,0
SRNTSKAINF,0
TGSGTLGTVNNL,0
VAATTNSILT,0
FKQKALGLLNFAGKQAQEAT,0
VFSSSANLSGIS,0
TRGRSVVV,0
FTAAVTSPLTTSQTLLFNILGGWVA,0
KSYGTPDNIDKNMSLIHKHN,0
LDVADKYDV,0
SLTMLNDT,0
SYYEKVLA,0
HRLRRGADGTAELTTTAA,0
WGEEKRASHTTPVLMEKPYY,0
QWFVGLS,0
NVQHDDSIHTEG,0
TLDFEL,0
GELFLKNED,0
QQLNGV,0
IKEGLTAT,0
SIISQETYKQ,0
LGLECAIMVE,0
EAYIVSLMADTNLACIHAKR,0
SHTLTPEN,0
EEEPKHET,0
LVHVANNNYDPW,0
GLDIPAISW,0
QVSFTPDIEGYAELAWGIAS,0
QVSFTPDIEGYAELAWGIAS,0
WGAQLNAMKGDLQASLGAR,0
DKFAKAVYQQFVEFYEKVTG,0
GVSTVVGVGGGSGSWHNA,0
KHTEIIEEDT,0
DADAKEAILKTNG,0
FGDRKKEM,0
GEPTVKLYTSVENAQQDKGI,0
KAYKIISLKYTRK,0
FSITSSDSQ,0
SSPFIVFC,0
NAALTAENTA,0
GDELYLPELA,0
FEYLSQSPS,0
FNALVDRQA,0
ALRTAETK,0
TEVEQKER,0
RGEKEAII,0
SLPQGMVA,0
YFLDVLES,0
DGKIAGIGK,0
APEDEQTET,0
SSEESAEVAT,0
DELDYEND,0
FWAKHMWNF,0
FWAKHMWNF,0
TEIIEEDTNK,0
SENVVVTVKVMGDD,0
CSRCNNSSLDRT,0
KKLTLLKE,0
LAEQFKQKALGLLNFAGKQA,0
SQPRGRRQ,0
EKYPSMTSVNSAEASTGAGG,0
HEDHAIQPQNFMPGPLVNSV,0
AQVYIGNGGPCV,0
ISQASSKQ,0
KDSPLKYWPKF,0
TASAEVVGHFEN,0
RLITLAIPVNKPGRF,0
ENCGAATS,0
ETSRNNPFYF,0
KAKINDCN,0
AYSNRNRFLYIIKLVFLW,0
RLFEPFQGLFEIPSY,0
KWMLRAAEE,0
SEHSSQPSS,0
PEARLISVRYDS,0
NGLDIPAIS,0
PQDVKFPG,0
IFTFNLNL,0
FSDLGL,0
GGETALALLLLDRLNQLESKVSGKG,0
ISEYVGSVE,0
PTEPKKDKKKKTDEA,0
SRVHTPYK,0
YGNKCNFCNAVVE,0
LGKNERLAV,0
RASFDA,0
LEPGVVAEKV,0
EAEGGSKV,0
LTDKKMKD,0
RKNLATAQ,0
AFDEMEECASRAALLEEGQR,0
IPAMYSLY,0
SLTHEDHAIQPQNFMPGPLV,0
QSFFKNKF,0
HSPKTLLIAVTM,0
PTTRTDDKLRMETCFQQACKG,0
VAQHVFGG,0
ALNEINQFYQ,0
PGSTTTS,0
GTNTHIMATE,0
IIHHAAGLGG,0
YKPQNKPE,0
QNNFMLNNNNNYNNN,0
IKKLTEEI,0
VCLGQNS,0
PDSLVTCPAQ,0
EALEDAVL,0
GQEKTAEPEHEAATPS,0
LVKLEQSLGDGVKDHYVDIS,0
SFQLLGTGGTASMSYKFPPV,0
CAEYAAAN,0
SSMDQKLL,0
SKVLDLKNYIDKQLL,0
QGLLQQATR,0
VAVQQPGALTQGLRT,0
LPTTQLRRHI,0
FEEVSARAEGYVDQA,0
SNWIQK,0
EFIQLSAQHVVL,0
KDINPLFI,0
KKKEAEIA,0
DLEDRDRSELSPLLLTTT,0
VGKMEDYI,0
CVLAWNTRNIDATSTGNY,0
NITSPQTN,0
LQDLDMMLTCVEIKEG,0
MFLPMLPAPPPGQPSGRR,0
PMGFSY,0
VNYQFVDCGDSFNPLFSVMK,0
GSMPSGSPCTALLNSIINNV,0
YLTICHQRYL,0
WLEDFLINF,0
PSVRYVCLPSERG,0
INAENNQRNFLAGSQ,0
THRCPADVCE,0
SKKPRQKRTATKQYNVTQAF,0
ISQETYKQEK,0
PNYLAILVKYVDGDGDVV,0
IAQQNQSRG,0
IAGAGD,0
IAGAGD,0
ENGWKDFL,0
MLNISQHQCVKKQCPQNSY,0
EAVFEANQNTKTAK,0
GKAIPLEVIKGGRHLI,0
GVLATL,0
LKYQQEQGGHQSQ,0
HFAVAAGNDNADACNYSPAAAEK,0
KAVSKFCCFM,0
HKKLKQPG,0
LKTEKKEHEAENDKLK,0
VVLPIFGE,0
INDKILSYTE,0
ELCSEYRNTQ,0
DLESIKKV,0
WQRLEAFWA,0
TVYYAVLERACRSVL,0
FNDTTAHIE,0
AQRSYLVFLTSQ,0
DDVHKACERFEQLGV,0
HLNVQCTVAEWVLVGQNATW,0
VITRTWQTA,0
ENTLENTK,0
GSTKEETQ,0
GTALQPLYQA,0
SDYIPT,0
PEGDLEILLQ,0
PVVQSSWPK,0
MAQVDPNLMVHLSPLRDCIA,0
CGYRRC,0
PESNSLTG,0
EVYNLTPE,0
TQCVTHES,0
PFRFEAHGSLAPAAEAHAAR,0
LEFIPELLIPVVGAFLLES,0
AVGNDT,0
CGTSVNVHSSLR,0
HLDKSIKED,0
AEAGVDAASVSE,0
YSVDDGETWE,0
VSVAGTVEGTNQDISLKFFE,0
PLPHVV,0
SQIAGNIR,0
HTALTG,0
GSFRKICGFATTP,0
AFQSTVAELQRLKMKVGK,0
FFLLTRI,0
CINGVCWTV,0
LYSMLVERDHKN,0
NIVRQGLA,0
EETNIYNSNEAFK,0
WTSLNFL,0
TTLNDDQL,0
SMQGVP,0
VDEDQAYLAP,0
SIKKVIKE,0
FDENGWKD,0
TYVYDHLTPL,0
VLAVDAPN,0
QEEMQPRGEQMRRM,0
VDDKHYQKAL,0
KLEQFWAKH,0
QIEAGAIGF,0
LGRSFLTGGLVLLAP,0
ARRRGKSRASLLSP,0
LDEPTNHLD,0
QIELGGELHVGLLWV,0
SGFENEYD,0
FSRPGLPVEYLQVPSAAMGRSIKVQFQSGGDNSPAVYLLD,0
ACYCYGLPNWVKVWD,0
ACYCYGLPNWVKVWD,0